-- MySQL dump 10.13  Distrib 5.6.24, for osx10.8 (x86_64)
--
-- Host: localhost    Database: staasf7
-- ------------------------------------------------------
-- Server version	5.5.38

/*!40101 SET @OLD_CHARACTER_SET_CLIENT=@@CHARACTER_SET_CLIENT */;
/*!40101 SET @OLD_CHARACTER_SET_RESULTS=@@CHARACTER_SET_RESULTS */;
/*!40101 SET @OLD_COLLATION_CONNECTION=@@COLLATION_CONNECTION */;
/*!40101 SET NAMES utf8 */;
/*!40103 SET @OLD_TIME_ZONE=@@TIME_ZONE */;
/*!40103 SET TIME_ZONE='+00:00' */;
/*!40014 SET @OLD_UNIQUE_CHECKS=@@UNIQUE_CHECKS, UNIQUE_CHECKS=0 */;
/*!40014 SET @OLD_FOREIGN_KEY_CHECKS=@@FOREIGN_KEY_CHECKS, FOREIGN_KEY_CHECKS=0 */;
/*!40101 SET @OLD_SQL_MODE=@@SQL_MODE, SQL_MODE='NO_AUTO_VALUE_ON_ZERO' */;
/*!40111 SET @OLD_SQL_NOTES=@@SQL_NOTES, SQL_NOTES=0 */;

--
-- Dumping data for table `contains`
--

LOCK TABLES `contains` WRITE;
/*!40000 ALTER TABLE `contains` DISABLE KEYS */;
INSERT INTO `contains` VALUES (1,'00040',3),(1,'00021',6),(1,'00019',7),(2,'00004',7),(2,'00044',3),(2,'00035',3),(3,'00005',10),(3,'00032',9),(3,'00019',8),(4,'00034',5),(4,'00033',4),(4,'00047',9),(4,'00009',10),(5,'00038',5),(5,'00020',5),(5,'00043',3),(5,'00022',2),(6,'00024',1),(6,'00028',1),(6,'00025',9),(6,'00003',1),(7,'00039',2),(7,'00044',7),(7,'00050',5),(7,'00038',8),(8,'00026',4),(8,'00019',6),(8,'00025',7),(9,'00017',5),(9,'00012',7),(9,'00037',6),(10,'00011',10),(10,'00033',5),(10,'00014',8),(11,'00048',1),(11,'00049',6),(11,'00001',3),(11,'00022',8),(12,'00023',4),(12,'00031',10),(12,'00005',9),(12,'00018',8),(13,'00003',7),(13,'00043',7),(13,'00037',5),(14,'00013',7),(14,'00008',2),(14,'00030',10),(15,'00015',2),(15,'00005',3),(15,'00050',5),(16,'00007',4),(16,'00042',4),(16,'00016',9),(17,'00042',1),(17,'00041',7),(17,'00027',2),(17,'00044',9),(18,'00048',10),(18,'00026',10),(18,'00002',9),(19,'00033',2),(19,'00012',10),(19,'00019',8),(20,'00041',9),(20,'00045',8),(20,'00030',6),(21,'00034',3),(21,'00033',10),(21,'00045',1),(21,'00016',1),(22,'00007',8),(22,'00049',6),(22,'00008',1),(23,'00041',4),(23,'00017',6),(23,'00018',6),(24,'00001',8),(24,'00005',2),(24,'00035',6),(25,'00009',8),(25,'00041',8),(25,'00003',3),(26,'00010',5),(26,'00039',10),(26,'00036',4),(27,'00028',9),(27,'00030',5),(27,'00024',7),(28,'00010',3),(28,'00014',10),(28,'00048',4),(29,'00010',7),(29,'00032',10),(29,'00012',8),(29,'00047',4),(30,'00039',3),(30,'00013',4),(30,'00002',4),(30,'00009',4),(33,'00004',4),(44,'00045',4),(40,'00047',9),(39,'00020',3),(56,'00037',10),(60,'00037',10),(54,'00022',4),(39,'00044',4),(38,'00028',5),(35,'00017',7),(42,'00046',6),(37,'00007',4),(48,'00029',6),(51,'00023',2),(38,'00021',1),(57,'00045',2),(57,'00040',4),(47,'00014',8),(58,'00019',9),(60,'00049',3),(33,'00038',5),(52,'00027',1),(49,'00028',6),(60,'00042',2),(42,'00044',5),(47,'00028',5),(51,'00030',4),(52,'00014',2),(50,'00023',1),(44,'00044',4),(39,'00034',10),(56,'00040',3),(57,'00031',7),(46,'00003',6),(60,'00009',1),(59,'00017',7),(55,'00006',6),(40,'00031',8),(36,'00040',3),(40,'00007',2),(51,'00008',5),(60,'00049',3),(38,'00009',5),(33,'00031',3),(37,'00001',7),(58,'00031',9),(42,'00037',3),(46,'00012',10),(43,'00027',6),(60,'00035',9),(60,'00008',9),(54,'00024',7),(42,'00049',10),(38,'00013',6),(42,'00003',2),(44,'00042',10),(45,'00028',7),(51,'00050',8),(39,'00034',1),(44,'00023',3),(47,'00036',7),(38,'00014',8),(38,'00012',2),(50,'00026',9),(32,'00001',2),(48,'00036',4),(48,'00010',8),(40,'00008',8),(49,'00019',5),(54,'00014',3),(47,'00022',7),(57,'00027',5),(32,'00006',3),(51,'00047',10),(38,'00037',6),(48,'00005',2),(58,'00034',5),(46,'00036',9),(44,'00027',4),(48,'00001',4),(37,'00028',1),(38,'00039',7),(38,'00040',6),(36,'00010',5),(57,'00028',3),(41,'00044',5),(55,'00020',6),(34,'00021',1),(42,'00037',9),(48,'00018',8),(59,'00044',1),(60,'00005',4),(31,'00048',3),(51,'00031',5),(39,'00042',9),(52,'00038',2),(42,'00035',1),(53,'00007',6),(51,'00032',3),(33,'00031',7),(64,'00028',4),(58,'00009',2),(49,'00010',1),(56,'00047',10),(76,'00024',7),(42,'00033',4),(74,'00036',2),(45,'00033',10),(51,'00002',8),(70,'00047',4),(46,'00023',8),(58,'00018',6),(77,'00021',10),(53,'00025',2),(62,'00041',2),(50,'00008',9),(75,'00017',3),(70,'00039',3),(80,'00008',2),(59,'00020',9),(78,'00035',4),(71,'00026',4),(55,'00050',3),(61,'00038',8),(57,'00041',7),(42,'00033',9),(45,'00006',8),(55,'00031',5),(47,'00023',9),(62,'00045',4),(66,'00035',6),(71,'00024',3),(68,'00048',8),(51,'00037',1),(79,'00009',5),(56,'00017',4),(42,'00044',3),(63,'00007',8),(67,'00045',9),(54,'00016',3),(79,'00014',6),(61,'00048',3),(73,'00036',8),(78,'00002',3),(58,'00025',1),(77,'00023',1),(44,'00035',2),(66,'00002',9),(64,'00018',8),(46,'00013',9),(41,'00012',3),(48,'00023',3),(62,'00033',5),(72,'00049',2),(72,'00037',7),(50,'00011',2),(77,'00030',2),(54,'00016',9),(62,'00034',8),(65,'00019',7),(58,'00023',3),(72,'00003',6),(50,'00038',8),(60,'00046',3),(80,'00046',8),(61,'00038',6),(65,'00046',10),(61,'00001',7),(43,'00003',3),(64,'00042',1),(65,'00035',3),(51,'00010',7),(51,'00047',7),(41,'00044',4),(71,'00002',10),(42,'00015',6),(74,'00008',2),(68,'00018',9),(62,'00033',9),(63,'00038',2),(43,'00016',6),(62,'00012',1),(69,'00001',5),(56,'00013',8),(57,'00037',10),(75,'00039',8),(74,'00017',6),(73,'00040',3),(55,'00010',8),(52,'00014',2),(65,'00025',1),(74,'00029',1),(50,'00023',1),(62,'00038',1),(52,'00004',8),(76,'00023',4),(73,'00050',1),(78,'00038',6),(61,'00024',10),(51,'00013',9),(61,'00039',1),(61,'00038',1),(61,'00046',2),(62,'00049',1),(62,'00050',1),(63,'00035',3),(64,'00016',1),(64,'00015',2),(65,'00005',1),(65,'00014',1),(65,'00017',4),(66,'00041',1),(66,'00040',1),(66,'00026',1),(66,'00007',1),(67,'00034',2),(68,'00042',5),(69,'00027',3),(69,'00033',1),(70,'00015',6),(70,'00012',5),(71,'00025',2),(71,'00008',2),(71,'00002',1),(71,'00037',1),(71,'00044',1),(71,'00021',2),(71,'00023',1),(72,'00031',1),(73,'00006',1),(74,'00019',2),(74,'00018',1),(74,'00015',1),(75,'00013',1),(75,'00001',1),(76,'00010',1),(77,'00022',1),(78,'00020',1),(78,'00031',1),(79,'00036',3),(79,'00003',2),(79,'00045',1),(80,'00048',1),(81,'00023',1),(82,'00011',1),(83,'00012',1),(83,'00011',1),(84,'00028',1),(84,'00029',3),(85,'00009',2),(86,'00004',1),(86,'00027',2),(86,'00016',1),(86,'00030',1),(87,'00004',1),(88,'00004',1),(89,'00036',4),(89,'00024',1),(90,'00016',1),(90,'00030',1);
/*!40000 ALTER TABLE `contains` ENABLE KEYS */;
UNLOCK TABLES;

--
-- Dumping data for table `customer`
--

LOCK TABLES `customer` WRITE;
/*!40000 ALTER TABLE `customer` DISABLE KEYS */;
INSERT INTO `customer` VALUES (1,'Allene','Iturbide','1 Central Ave','Portage','WI','54481'),(2,'Marino','Lueckenbach','1 Century Park E','San Diego','CA','92110'),(3,'Twana','Felger','1 Commerce Way','Washington','OR','97224'),(4,'Salena','Karpel','1 Garfield Ave #7','Stark','OH','44707'),(5,'Arminda','Parvis','1 Huntwood Ave','Maricopa','AZ','85017'),(6,'Nicolette','Brossart','1 Midway Rd','Worcester','MA','15281'),(7,'Joanne','Mathieu','1 N Harlem Ave #9','Essex','NJ','70503'),(8,'Jacque','Rowling','1 N San Saba','Erie','PA','16501'),(9,'Hermin','Thyberg','1 Rancho Del Mar Shopping C','Providence','RI','29i103'),(10,'Johann','Leinenbach','1 Washington St','Palm Beach','FL','33461'),(11,'Roxane','Campain','1048 Main St','Fairbanks North Star','AK','99708'),(12,'Clorinda','Heimann','105 Richmond Valley Rd','San Diego','CA','92025'),(13,'Regis','Kannady','10759 Main St','Maricopa','AZ','85260'),(14,'John','Abdallah','1088 Pinehurst St','Orange','NC','27514'),(15,'Arlette','Honeywell','11279 Loytan St','Duval','FL','32254'),(16,'Aliza','Baltimore','1128 Delaware St','Santa Clara','CA','95132'),(17,'Carissa','Batman','12270 Caton Center Dr','Lane','OR','97401'),(18,'Manny','Kohnert','134 Lewis Rd','Davidson','TN','37211'),(19,'Amber','Monarrez','14288 Foster Ave #4121','Montgomery','PA','19046'),(20,'Dean','Juhas','14302 Pennsylvania Ave','Montgomery','PA','19006'),(21,'Jolene','Ostolaza','1610 14th St Nw','Newport News City','VA','23608'),(22,'Rozella','Ostrosky','17 Morena Blvd','Ventura','CA','93012'),(23,'Cyndy','Goldammer','170 Wyoming Ave','Dakota','MN','55337'),(24,'Angello','Cetta','185 Blackstone Bldge','Honolulu','HI','96817'),(25,'Paris','Wide','187 Market St','Fulton','GA','30342'),(26,'Jean','Claucherty','19 Amboy Ave','Miami-Dade','FL','33142'),(27,'Merlin','Bayless','195 13n N','Santa Clara','CA','95054'),(28,'Diane','Devreese','1953 Telegraph Rd','Buchanan','MO','64504'),(29,'Fatima','Saylors','2 Lighthouse Ave','Hennepin','MN','55343'),(30,'Kaitlyn','Ogg','2 S Biscayne Blvd','Baltimore City','MD','21230'),(31,'Sunny','Kownacki','2 Se 3rd Ave','Dallas','TX','75149'),(32,'Ray','Kampa','2 Sw Nyberg Rd','Elkhart','IN','46514'),(33,'Lili','Paskin','20113 4th Ave E','Hudson','NJ','71032'),(34,'Rebecka','Gesick','2026 N Plankinton Ave #3','Travis','TX','78754'),(35,'Micael','Rhymes','20932 Hedley St','Contra Costa','CA','94520'),(36,'Colette','Kardas','21575 S Apple Creek Rd','Douglas','NE','68124'),(37,'Refugia','Jacobos','2184 Worth St','Alameda','CA','94545'),(38,'Tresa','Sweely','22 Bridle Ln','Saint Louis','MO','63088'),(39,'Jesusa','Shin','2239 Shawnee Mission Pky','Coffee','TN','37388'),(40,'Layla','Springe','229 N Forty Driv','New York','NY','10011'),(41,'Sheldon','Zane','2409 Alabama Rd','Riverside','CA','92501'),(42,'Kiley','Caldarera','25 E 75th St #69','Los Angeles','CA','90034'),(43,'Luis','Jurney','25 Se 176th Pl','Middlesex','MA','82138'),(44,'Rasheed','Sayaphon','251 Park Ave #979','Santa Clara','CA','95070'),(45,'Renea','Monterrubio','26 Montgomery St','Fulton','GA','30328'),(46,'Carmelo','Lindall','2664 Lewis Rd','Douglas','CO','80126'),(47,'Linn','Paa','1 S Pine St','Shelby','TN','38112'),(48,'Yuki','Whobrey','1 State Route 27','Wayne','MI','48180'),(49,'Trinidad','Mcrae','10276 Brooks St','San Francisco','CA','94105'),(50,'Daniel','Perruzza','11360 S Halsted St','Orange','CA','92705');
/*!40000 ALTER TABLE `customer` ENABLE KEYS */;
UNLOCK TABLES;

--
-- Dumping data for table `orders`
--

LOCK TABLES `orders` WRITE;
/*!40000 ALTER TABLE `orders` DISABLE KEYS */;
INSERT INTO `orders` VALUES (1,'2013-03-13 00:00:00','2013-03-14 00:00:00','DISCOVER','9164372000812465',40),(2,'2013-05-28 00:00:00','2013-05-30 00:00:00','DISCOVER','6012768542759725',47),(3,'2012-04-30 00:00:00','2012-05-01 00:00:00','VISA','8347756029370204',30),(4,'2012-04-29 00:00:00','0000-00-00 00:00:00','VISA','1114002556361579',3),(5,'2012-11-06 00:00:00','2012-11-06 00:00:00','DISCOVER','4210064978513444',50),(6,'2013-12-21 00:00:00','2013-12-23 00:00:00','MC','1118499655232199',22),(7,'2012-06-14 00:00:00','2012-06-16 00:00:00','VISA','4265118281748638',1),(8,'2012-03-18 00:00:00','0000-00-00 00:00:00','VISA','4265869811318674',28),(9,'2013-04-01 00:00:00','2013-04-01 00:00:00','MC','3452375437457477',39),(10,'2012-03-08 00:00:00','2012-03-10 00:00:00','DISCOVER','6012774573811574',5),(11,'2013-09-07 00:00:00','2013-09-07 00:00:00','MC','5468144688987718',1),(12,'2013-09-11 00:00:00','2013-09-13 00:00:00','MC','5468546846118779',17),(13,'2013-09-13 00:00:00','2013-09-15 00:00:00','DISCOVER','6012153213234465',13),(14,'2013-09-30 00:00:00','2013-10-12 00:00:00','VISA','4265289331424117',19),(15,'2012-01-15 00:00:00','0000-00-00 00:00:00','DISCOVER','6012426788599159',41),(16,'2012-01-20 00:00:00','2012-01-25 00:00:00','DISCOVER','6012768542759725',47),(17,'2012-01-25 00:00:00','2012-01-27 00:00:00','DISCOVER','6012157634756744',42),(18,'2012-01-30 00:00:00','2012-01-31 00:00:00','VISA','4265168598671186',38),(19,'2012-01-31 00:00:00','0000-00-00 00:00:00','MC','5468745248681198',34),(20,'2012-02-27 00:00:00','2012-03-05 00:00:00','MC','5468980177136168',35),(21,'2012-03-09 00:00:00','2012-03-15 00:00:00','VISA','4265869811318674',28),(22,'2012-04-17 00:00:00','2012-04-15 00:00:00','DISCOVER','6012774573811574',5),(23,'2012-06-13 00:00:00','2012-06-15 00:00:00','VISA','4265835707253080',3),(24,'2012-10-10 00:00:00','0000-00-00 00:00:00','DISCOVER','6012084174461331',4),(25,'2012-10-13 00:00:00','2012-10-15 00:00:00','MC','5468854174987618',2),(26,'2012-10-25 00:00:00','2012-11-01 00:00:00','VISA','4265118281748638',1),(27,'2012-12-10 00:00:00','2012-12-13 00:00:00','DISCOVER','6012184786257849',11),(28,'2013-06-07 00:00:00','2013-06-09 00:00:00','MC','5468798412456752',10),(29,'2013-06-09 00:00:00','2013-06-11 00:00:00','VISA','4265174686390108',9),(30,'2013-06-25 00:00:00','0000-00-00 00:00:00','VISA','4265741118566723',8),(31,'2016-12-02 00:00:00','2016-12-04 00:00:00','VISA','1932134219123456',3),(32,'2016-01-03 00:00:00','2016-01-04 00:00:00','DISCOVER','1934527846572318',1),(33,'2016-04-02 00:00:00','2016-04-04 00:00:00','MC','9847568320987564',3),(34,'2016-03-01 00:00:00','2016-03-02 00:00:00','VISA','3214356453678564',2),(35,'2016-03-25 00:00:00','2016-03-27 00:00:00','VISA','3564532567489706',3),(36,'2016-02-18 00:00:00','0000-00-00 00:00:00','DISCOVER','5743287564732811',13),(37,'2016-01-04 00:00:00','0000-00-00 00:00:00','MC','5432344566789878',1),(38,'2016-02-03 00:00:00','2016-02-04 00:00:00','VISA','3245654578765435',20),(39,'2016-02-09 00:00:00','2016-02-10 00:00:00','MC','4345675678909876',19),(40,'2016-03-04 00:00:00','2016-03-06 00:00:00','DISCOVER','3245674389876743',17),(41,'2016-01-23 00:00:00','2016-01-25 00:00:00','MC','3456554456780987',13),(42,'2016-02-05 00:00:00','2016-02-07 00:00:00','MC','4554367898374568',14),(43,'2016-04-13 00:00:00','0000-00-00 00:00:00','VISA','3234567876758976',15),(44,'2016-04-13 00:00:00','0000-00-00 00:00:00','DISCOVER','8789765467658796',10),(45,'2016-03-29 00:00:00','2016-03-31 00:00:00','MC','4435678675456798',20),(46,'2016-02-03 00:00:00','2016-02-05 00:00:00','VISA','4432345667654567',11),(47,'2016-03-14 00:00:00','2016-03-16 00:00:00','MC','3245654567345643',1),(48,'2016-01-18 00:00:00','2016-01-20 00:00:00','DISCOVER','4453678909876545',2),(49,'2016-01-01 00:00:00','2016-01-03 00:00:00','VISA','9876565476587643',30),(50,'2016-02-17 00:00:00','2016-02-19 00:00:00','MC','0987656545676789',40),(51,'2016-02-20 00:00:00','2016-02-21 00:00:00','VISA','9876545434323456',9),(52,'2016-04-14 00:00:00','0000-00-00 00:00:00','DISCOVER','7678906678432964',17),(53,'2016-04-15 00:00:00','0000-00-00 00:00:00','VISA','4456758976543298',19),(54,'2016-02-01 00:00:00','2016-02-03 00:00:00','MC','3323459807654356',23),(55,'2016-04-16 00:00:00','2016-04-18 00:00:00','VISA','8765654345467865',40),(56,'2016-03-19 00:00:00','2016-03-21 00:00:00','MC','8765654344562960',48),(57,'2016-04-17 00:00:00','2016-04-19 00:00:00','MC','7656745632231987',32),(58,'2016-02-15 00:00:00','2016-02-17 00:00:00','VISA','9876566784320984',14),(59,'2016-03-01 00:00:00','0000-00-00 00:00:00','DISCOVER','4432321234546785',23),(60,'2016-03-16 00:00:00','2016-03-18 00:00:00','VISA','4432356789876789',11),(61,'2016-04-01 00:00:00','0000-00-00 00:00:00','VISA','9339548432521315',1),(62,'2016-04-05 00:00:00','2016-04-08 00:00:00','DISCOVER','3125415914497660',5),(63,'2016-04-02 00:00:00','2016-04-05 00:00:00','VISA','9704188718576016',20),(64,'2016-03-13 00:00:00','2016-03-20 00:00:00','VISA','1294085164233338',50),(65,'2016-03-16 00:00:00','0000-00-00 00:00:00','MC','9182934429948195',49),(66,'2016-03-19 00:00:00','2016-03-20 00:00:00','MC','9820396625678803',16),(67,'2016-04-01 00:00:00','2016-04-02 00:00:00','MC','7423648540714970',15),(68,'2016-04-01 00:00:00','2016-04-02 00:00:00','MC','8070263255919104',25),(69,'2016-04-01 00:00:00','2016-04-02 00:00:00','DISCOVER','3277872856792989',29),(70,'2016-04-01 00:00:00','2016-04-02 00:00:00','DISCOVER','0432928988501514',35),(71,'2016-03-12 00:00:00','2016-03-15 00:00:00','DISCOVER','0842054108206533',36),(72,'2016-04-13 00:00:00','2016-04-16 00:00:00','DISCOVER','1791134670737410',10),(73,'2016-04-16 00:00:00','2016-04-19 00:00:00','MC','4315419472554425',4),(74,'2016-04-21 00:00:00','2016-04-25 00:00:00','MC','6961214689171867',3),(75,'2016-04-26 00:00:00','2016-04-30 00:00:00','MC','7889543366941024',6),(76,'2016-04-27 00:00:00','0000-00-00 00:00:00','MC','9176952863365214',12),(77,'2016-04-19 00:00:00','2016-04-22 00:00:00','MC','6738183497704525',14),(78,'2016-04-15 00:00:00','2016-04-17 00:00:00','VISA','9566115767216292',17),(79,'2016-03-12 00:00:00','2016-03-16 00:00:00','VISA','1344296106210289',13),(80,'2016-03-10 00:00:00','2016-03-12 00:00:00','VISA','4787510162307683',24),(81,'2016-03-19 00:00:00','2016-03-21 00:00:00','VISA','3971406033891543',27),(82,'2016-03-26 00:00:00','2016-03-29 00:00:00','VISA','7810751084510728',37),(83,'2016-02-14 00:00:00','0000-00-00 00:00:00','VISA','3677996829882834',47),(84,'2016-02-10 00:00:00','2016-02-11 00:00:00','DISCOVER','1316415311728383',49),(85,'2016-02-18 00:00:00','2016-02-19 00:00:00','DISCOVER','1695220840645544',48),(86,'2016-02-13 00:00:00','2016-02-14 00:00:00','DISCOVER','9038679024540992',26),(87,'2016-02-02 00:00:00','2016-02-03 00:00:00','DISCOVER','5719475018947608',23),(88,'2016-02-01 00:00:00','2016-02-05 00:00:00','DISCOVER','3245369873472128',22),(89,'2016-02-07 00:00:00','0000-00-00 00:00:00','DISCOVER','9334469574159454',9),(90,'2016-02-08 00:00:00','2016-02-10 00:00:00','DISCOVER','3874858422319789',29);
/*!40000 ALTER TABLE `orders` ENABLE KEYS */;
UNLOCK TABLES;

--
-- Dumping data for table `prod_category`
--

LOCK TABLES `prod_category` WRITE;
/*!40000 ALTER TABLE `prod_category` DISABLE KEYS */;
INSERT INTO `prod_category` VALUES ('00001','electronics'),('00001','specialty'),('00001','gourmet'),('00001','book'),('00001','baby'),('00002','educational'),('00002','toys'),('00002','clothing'),('00002','specialty'),('00003','baby'),('00003','educational'),('00003','toys'),('00004','electronics'),('00004','educational'),('00004','specialty'),('00005','electronics'),('00005','specialty'),('00005','food'),('00006','specialty'),('00006','electronics'),('00006','educational'),('00006','clothing'),('00006','food'),('00007','educational'),('00008','baby'),('00008','electronics'),('00008','gourmet'),('00009','baby'),('00009','gourmet'),('00009','food'),('00009','toys'),('00010','gourmet'),('00010','specialty'),('00010','food'),('00010','educational'),('00010','clothing'),('00011','educational'),('00011','toys'),('00011','electronics'),('00011','clothing'),('00012','book'),('00012','specialty'),('00012','food'),('00012','clothing'),('00013','electronics'),('00013','baby'),('00013','food'),('00013','specialty'),('00013','book'),('00013','gourmet'),('00014','educational'),('00014','electronics'),('00014','specialty'),('00015','toys'),('00015','baby'),('00015','educational'),('00016','electronics'),('00016','food'),('00016','specialty'),('00016','gourmet'),('00017','electronics'),('00017','specialty'),('00017','educational'),('00018','electronics'),('00018','specialty'),('00018','food'),('00018','gourmet'),('00019','baby'),('00019','clothing'),('00020','books'),('00020','educational'),('00020','baby'),('00021','educational'),('00021','specialty'),('00021','gourmet'),('00022','food'),('00022','electronics'),('00022','gourmet'),('00023','specialty'),('00023','electronics'),('00024','clothing'),('00024','specialty'),('00025','educational'),('00025','electronics'),('00025','toys'),('00025','baby'),('00026','electronics'),('00027','specialty'),('00028','specialty'),('00029','specialty'),('00030','electronics'),('00031','toys'),('00032','electronics'),('00033','electronics'),('00034','clothing'),('00035','toys'),('00036','toys'),('00037','electronics'),('00038','book'),('00026','toys'),('00030','specialty'),('00031','specialty'),('00032','specialty'),('00035','baby'),('00036','baby'),('00038','baby'),('00030','educational'),('00038','educational'),('00039','educational'),('00039','book'),('00040','educational'),('00040','electronics'),('00040','speciality'),('00041','educational'),('00041','electronics'),('00041','speciality'),('00042','baby'),('00042','food'),('00043','toys'),('00043','educational'),('00043','electronics'),('00044','electronics'),('00044','speciality'),('00044','educational'),('00045','electronics'),('00045','toys'),('00045','educational'),('00045','food'),('00046','toys'),('00046','educational'),('00047','toys'),('00047','electronics'),('00047','educational'),('00048','toys'),('00048','educational'),('00048','speciality'),('00049','toys'),('00049','educational'),('00049','electronics'),('00049','baby'),('00050','toys'),('00050','educational'),('00050','book'),('00050','baby');
/*!40000 ALTER TABLE `prod_category` ENABLE KEYS */;
UNLOCK TABLES;

--
-- Dumping data for table `product`
--

LOCK TABLES `product` WRITE;
/*!40000 ALTER TABLE `product` DISABLE KEYS */;
INSERT INTO `product` VALUES ('00001','Xtreme Graphics 5000',99,'Melmarc Products Inc.',45,10),('00002','Sure Feet Running Shoes',60,'NK Apparel',76,30),('00003','Happy Smiles Face Paints',20,'Bel-Art Products',203,75),('00004','Overpriced Calculator: College Edition',99,'ViTech Scientific',20,5),('00005','Super-Sensor Door Opener',99,'Motion Enhanced Technology',4,2),('00006','No More Stink Socks',10,'NK Apparel',134,60),('00007','Far Out! Telescope',99,'Seatec Astronomy',3,1),('00008','Bass Booster Subwoofers',99,'Melmarc Products Inc.',23,10),('00009','Star Gazer Junior',40,'Seatec Astronomy',55,35),('00010','Sunshine Yellow',45,'Bel-Art Products',20,15),('00011','Job Hunter Discount Suit',75,'NK Apparel',44,30),('00012','Head Secure Hard Hat',60,'Grainger Industrial Supply',40,20),('00013','The Overclocker: Extreme CPU',99,'Melmarc Products Inc.',32,30),('00014','DG Camera',99,'ProtoVision',150,20),('00015','Puzzle Blocks for Kids',20,'HB Products LLC',200,30),('00016','Chef Gourmet Pasta',8,'PolyOne',50,10),('00017','Portable Motion Detector',50,'Motion Enhanced Technology',150,10),('00018','Smart Cooker',65,'Pegatron Products',150,20),('00019','Summer Dress',19,'Bel-Art Products',250,35),('00020','Book of Colors and Numbers',10,'C. C. Filson',70,10),('00021','Mini Acoustic Guitar',35,'Akustica',50,10),('00022','Travel Coffee Maker',39,'Cambridge Engineered Solutions',200,50),('00023','Car Stereo System',60,'Kaman Industrial Technologies',50,10),('00024','Winter Jacket',55,'NK Apparel',100,20),('00025','Talking Doll',25,'Melmarc Products Inc.',200,15),('00026','Telescope',99,'Seatec Astronomy',50,10),('00027','Printer Paper',4,'HB Products LLC',300,50),('00028','AC Unit',99,'Large System Distributors',10,4),('00029','Ventilation Filter',22,'Kaman Industrial Technologies',100,20),('00030','Surface Pro 4',99,'UCA Group Inc.',30,10),('00031','Sunglasses',50,'ProtoVision',75,15),('00032','Thermal Sensor',99,'Hadden Industries',15,3),('00033','Digital Clock',15,'Motion Enhanced Technology',500,150),('00034','Sweater',35,'NK Apparel',100,25),('00035','Transformer Action Figure',5,'Pegatron Products',2000,250),('00036','Star Wars Sticker',1,'Akustica',10000,2000),('00037','Smartwatch',99,'ViTech Scientific',50,10),('00038','Winnie the Pooh Book',8,'C. C. Filson',80,20),('00039','Calculus Book',50,'HB Products LLC',250,50),('00040','Basic Telescope',99,'Seatec Astronomy',200,20),('00041','High End Telescope',99,'Seatec Astronomy',100,20),('00042','Gerber Baby Food',5,'HB Products LLC',500,50),('00043','Leap Frog Tablet',99,'Seatec Astronomy',100,20),('00044','Robot Chef',99,'ViTech Scientific',75,10),('00045','Kids Baking Set',50,'Melmarc Products Inc.',250,20),('00046','Math Card Game',10,'HB Products LLC',250,20),('00047','Learn To Drive Game',50,'Melmarc Products Inc.',200,25),('00048','X-Ray Goggles',99,'ProtoVision',150,15),('00049','Babys First Game Console',99,'Motion Enhanced Technology',100,20),('00050','Baby Learns German',50,'Aleris International Inc.',175,20);
/*!40000 ALTER TABLE `product` ENABLE KEYS */;
UNLOCK TABLES;

--
-- Dumping data for table `rated`
--

LOCK TABLES `rated` WRITE;
/*!40000 ALTER TABLE `rated` DISABLE KEYS */;
INSERT INTO `rated` VALUES (1,'00001',5,'2015-01-31 00:00:00'),(2,'00009',1,'2015-10-25 00:00:00'),(3,'00039',4,'2014-05-13 00:00:00'),(4,'00004',4,'2016-03-23 00:00:00'),(5,'00007',2,'2015-11-09 00:00:00'),(6,'00008',4,'2015-01-31 00:00:00'),(7,'00009',1,'2014-01-06 00:00:00'),(8,'00001',5,'2014-01-18 00:00:00'),(9,'00005',4,'2015-10-04 00:00:00'),(1,'00005',4,'2015-03-07 00:00:00'),(2,'00022',5,'2014-04-13 00:00:00'),(4,'00001',3,'2016-02-18 00:00:00'),(5,'00028',3,'2014-01-07 00:00:00'),(6,'00017',5,'2014-05-19 00:00:00'),(7,'00004',4,'2013-09-26 00:00:00'),(8,'00003',3,'2015-05-04 00:00:00'),(3,'00018',3,'2014-01-07 00:00:00'),(5,'00029',1,'2014-12-09 00:00:00'),(1,'00006',4,'2014-04-19 00:00:00'),(6,'00019',5,'0000-00-00 00:00:00'),(8,'00005',3,'2015-03-15 00:00:00'),(9,'00036',3,'2015-01-08 00:00:00'),(5,'00031',5,'2016-01-22 00:00:00'),(3,'00011',2,'2015-03-17 00:00:00'),(5,'00004',3,'2015-03-03 00:00:00'),(7,'00010',2,'2015-01-03 00:00:00'),(9,'00039',2,'2014-03-08 00:00:00'),(1,'00009',2,'2014-01-13 00:00:00'),(4,'00027',4,'2014-04-05 00:00:00'),(2,'00027',4,'2014-06-18 00:00:00'),(1,'00015',3,'2014-11-30 00:00:00'),(6,'00021',3,'2016-04-27 00:00:00'),(3,'00010',1,'2015-11-30 00:00:00'),(8,'00016',1,'2015-05-07 00:00:00'),(8,'00024',4,'2015-02-12 00:00:00'),(4,'00030',2,'2014-03-03 00:00:00'),(3,'00006',4,'2013-10-20 00:00:00'),(5,'00034',4,'2015-07-13 00:00:00'),(2,'00032',2,'2016-03-19 00:00:00'),(2,'00034',3,'2014-08-30 00:00:00'),(8,'00031',3,'2014-01-07 00:00:00'),(6,'00023',1,'2013-09-30 00:00:00'),(12,'00001',2,'2015-10-14 00:00:00'),(11,'00003',4,'2015-05-08 00:00:00'),(10,'00003',2,'2014-01-02 00:00:00'),(10,'00005',1,'2014-06-13 00:00:00'),(11,'00019',4,'2014-08-17 00:00:00'),(12,'00015',3,'2014-10-04 00:00:00'),(12,'00020',2,'2015-01-17 00:00:00'),(12,'00025',4,'2014-09-08 00:00:00'),(13,'00050',5,'2016-02-02 00:00:00'),(1,'00022',1,'2016-03-05 00:00:00'),(2,'00037',3,'2014-08-05 00:00:00'),(3,'00005',5,'2015-06-07 00:00:00'),(4,'00026',1,'2016-04-09 00:00:00'),(5,'00037',4,'2014-07-12 00:00:00'),(6,'00025',2,'2014-01-07 00:00:00'),(7,'00011',3,'2014-08-31 00:00:00'),(8,'00033',5,'2014-10-04 00:00:00'),(9,'00041',4,'2014-01-17 00:00:00'),(1,'00043',1,'2014-05-02 00:00:00'),(2,'00006',4,'2016-01-10 00:00:00'),(4,'00049',3,'2013-10-31 00:00:00'),(5,'00039',1,'2013-11-14 00:00:00'),(6,'00027',3,'2013-12-10 00:00:00'),(7,'00013',3,'2016-03-15 00:00:00'),(8,'00037',5,'2015-01-17 00:00:00'),(3,'00003',4,'2015-11-02 00:00:00'),(5,'00048',3,'2014-05-03 00:00:00'),(1,'00047',5,'2015-05-30 00:00:00'),(6,'00033',5,'2016-04-18 00:00:00'),(8,'00040',5,'2016-03-24 00:00:00'),(9,'00047',3,'2015-05-31 00:00:00'),(5,'00050',4,'2015-06-04 00:00:00'),(3,'00032',1,'2014-01-08 00:00:00'),(5,'00043',2,'2016-01-29 00:00:00'),(7,'00014',5,'2015-07-07 00:00:00'),(9,'00049',4,'2016-03-30 00:00:00'),(1,'00034',4,'2016-02-24 00:00:00'),(4,'00005',2,'2016-04-30 00:00:00'),(2,'00040',5,'2014-04-15 00:00:00'),(1,'00050',3,'2014-03-02 00:00:00'),(6,'00035',4,'2014-02-04 00:00:00'),(3,'00022',3,'2015-03-17 00:00:00'),(8,'00042',3,'2016-01-16 00:00:00'),(8,'00044',3,'2015-06-09 00:00:00'),(4,'00044',5,'2016-01-04 00:00:00'),(3,'00002',3,'2016-03-04 00:00:00'),(5,'00050',5,'2015-04-02 00:00:00'),(2,'00043',4,'2015-06-17 00:00:00'),(2,'00025',5,'2015-12-02 00:00:00'),(8,'00047',4,'2015-08-03 00:00:00'),(6,'00037',3,'2015-10-13 00:00:00'),(12,'00030',4,'2015-11-15 00:00:00'),(11,'00022',1,'2015-10-07 00:00:00'),(10,'00007',2,'2016-03-09 00:00:00'),(10,'00010',5,'2016-04-17 00:00:00'),(11,'00004',4,'2013-10-10 00:00:00'),(12,'00047',2,'2015-11-15 00:00:00'),(12,'00049',3,'2014-12-07 00:00:00'),(12,'00045',4,'2015-11-03 00:00:00'),(13,'00001',5,'2016-03-15 00:00:00'),(1,'00033',3,'2016-02-13 00:00:00'),(2,'00049',5,'2014-10-01 00:00:00'),(15,'00001',1,'2013-01-01 00:00:00'),(16,'00002',2,'2013-02-02 00:00:00'),(17,'00003',3,'2013-03-03 00:00:00'),(18,'00004',4,'2013-04-04 00:00:00'),(19,'00005',5,'2013-05-05 00:00:00'),(20,'00006',1,'2013-06-06 00:00:00'),(21,'00007',2,'2013-07-07 00:00:00'),(22,'00008',3,'2013-08-08 00:00:00'),(23,'00009',4,'2013-09-09 00:00:00'),(24,'00010',5,'2013-10-10 00:00:00'),(14,'00011',1,'2013-11-11 00:00:00'),(15,'00012',2,'2013-11-11 00:00:00'),(16,'00013',3,'2013-01-02 00:00:00'),(17,'00014',4,'2013-03-02 00:00:00'),(18,'00015',5,'2013-04-02 00:00:00'),(19,'00016',1,'2013-05-02 00:00:00'),(20,'00017',2,'2013-06-02 00:00:00'),(21,'00018',3,'2013-07-02 00:00:00'),(22,'00019',4,'2013-08-02 00:00:00'),(23,'00020',5,'2013-09-02 00:00:00'),(24,'00021',1,'2013-10-02 00:00:00'),(14,'00022',2,'2013-11-02 00:00:00'),(15,'00023',3,'2013-12-02 00:00:00'),(16,'00024',4,'2013-01-17 00:00:00'),(17,'00025',5,'2013-02-17 00:00:00'),(18,'00026',1,'2014-03-17 00:00:00'),(19,'00027',2,'2014-04-17 00:00:00'),(20,'00028',3,'2014-05-17 00:00:00'),(21,'00029',4,'2014-06-17 00:00:00'),(22,'00030',5,'2014-07-17 00:00:00'),(23,'00031',1,'2014-08-17 00:00:00'),(24,'00032',2,'2014-09-17 00:00:00'),(14,'00033',3,'2014-10-17 00:00:00'),(15,'00034',4,'2014-01-22 00:00:00'),(16,'00035',5,'2014-02-22 00:00:00'),(17,'00036',1,'2014-03-22 00:00:00'),(18,'00037',2,'2014-04-22 00:00:00'),(19,'00038',3,'2014-05-22 00:00:00'),(20,'00039',4,'2014-06-22 00:00:00'),(21,'00040',5,'2014-07-22 00:00:00'),(22,'00041',1,'2014-08-22 00:00:00'),(23,'00042',2,'2014-09-22 00:00:00'),(24,'00043',3,'2014-10-22 00:00:00'),(14,'00044',4,'2014-11-22 00:00:00'),(15,'00045',5,'2014-12-22 00:00:00'),(16,'00046',1,'2014-01-08 00:00:00'),(17,'00047',2,'2014-02-08 00:00:00'),(18,'00048',3,'2014-03-08 00:00:00'),(19,'00049',4,'2014-04-08 00:00:00'),(20,'00050',5,'2014-05-08 00:00:00'),(21,'00001',1,'2015-06-08 00:00:00'),(22,'00002',2,'2015-07-08 00:00:00'),(23,'00003',3,'2015-08-08 00:00:00'),(24,'00004',4,'2015-09-08 00:00:00'),(14,'00005',5,'2015-10-08 00:00:00'),(15,'00006',1,'2015-11-08 00:00:00'),(16,'00007',2,'2015-12-08 00:00:00'),(17,'00008',3,'2015-01-13 00:00:00'),(18,'00009',4,'2015-02-13 00:00:00'),(19,'00010',5,'2015-03-13 00:00:00'),(20,'00011',1,'2015-04-13 00:00:00'),(21,'00012',2,'2015-05-13 00:00:00'),(22,'00013',3,'2015-06-13 00:00:00'),(23,'00014',4,'2015-07-13 00:00:00'),(24,'00015',5,'2015-08-13 00:00:00'),(14,'00016',1,'2015-09-13 00:00:00'),(15,'00017',2,'2015-10-13 00:00:00'),(16,'00018',3,'2015-11-13 00:00:00'),(17,'00019',4,'2015-12-13 00:00:00'),(18,'00020',5,'2015-01-20 00:00:00'),(19,'00021',1,'2015-02-20 00:00:00'),(20,'00022',2,'2015-03-20 00:00:00'),(21,'00023',3,'2015-04-20 00:00:00'),(22,'00024',4,'2015-05-20 00:00:00'),(23,'00025',5,'2015-06-20 00:00:00'),(24,'00026',1,'2016-07-20 00:00:00'),(14,'00027',2,'2016-08-20 00:00:00'),(15,'00028',3,'2016-09-20 00:00:00'),(16,'00029',4,'2016-10-20 00:00:00'),(17,'00030',5,'2016-11-20 00:00:00'),(18,'00031',1,'2016-12-20 00:00:00'),(19,'00032',2,'2016-01-04 00:00:00'),(20,'00033',3,'2016-02-04 00:00:00'),(21,'00034',4,'2016-03-04 00:00:00'),(22,'00035',5,'2016-04-04 00:00:00'),(23,'00036',1,'2016-05-04 00:00:00'),(24,'00037',2,'2016-06-04 00:00:00'),(14,'00038',3,'2016-07-04 00:00:00'),(15,'00039',4,'2016-08-04 00:00:00'),(16,'00040',5,'2016-09-04 00:00:00'),(17,'00041',1,'2016-10-04 00:00:00'),(18,'00042',2,'2016-11-04 00:00:00'),(19,'00043',3,'2016-12-04 00:00:00'),(20,'00044',4,'2016-01-12 00:00:00'),(21,'00045',5,'2016-02-12 00:00:00'),(22,'00046',1,'2016-03-12 00:00:00'),(23,'00047',2,'2016-04-12 00:00:00'),(24,'00048',3,'2016-05-12 00:00:00'),(14,'00049',4,'2016-06-12 00:00:00'),(15,'00050',5,'2016-07-12 00:00:00'),(26,'00026',1,'2012-02-14 00:00:00'),(27,'00027',2,'2013-02-19 00:00:00'),(28,'00028',3,'2015-02-12 00:00:00'),(29,'00029',4,'2016-02-14 00:00:00'),(30,'00030',5,'2012-03-13 00:00:00'),(31,'00031',1,'2013-04-20 00:00:00'),(32,'00032',2,'2014-05-14 00:00:00'),(33,'00033',3,'2015-06-28 00:00:00'),(34,'00034',4,'2016-02-11 00:00:00'),(35,'00035',5,'2016-02-04 00:00:00'),(36,'00036',1,'2016-01-14 00:00:00'),(37,'00037',2,'2016-04-14 00:00:00'),(38,'00038',3,'2016-04-16 00:00:00'),(26,'00027',4,'2012-02-14 00:00:00'),(27,'00028',5,'2013-02-19 00:00:00'),(28,'00029',1,'2015-02-12 00:00:00'),(29,'00030',2,'2016-02-14 00:00:00'),(30,'00031',3,'2012-03-13 00:00:00'),(31,'00032',4,'2013-04-20 00:00:00'),(32,'00033',5,'2014-05-14 00:00:00'),(33,'00034',1,'2015-06-28 00:00:00'),(34,'00035',2,'2016-02-11 00:00:00'),(35,'00036',3,'2016-02-04 00:00:00'),(36,'00037',4,'2016-01-14 00:00:00'),(37,'00038',5,'2016-04-14 00:00:00'),(38,'00026',1,'2016-04-16 00:00:00'),(26,'00028',2,'2012-02-14 00:00:00'),(27,'00029',3,'2013-02-19 00:00:00'),(28,'00030',4,'2015-02-12 00:00:00'),(29,'00031',5,'2016-02-14 00:00:00'),(30,'00032',1,'2012-03-13 00:00:00'),(31,'00033',2,'2013-04-20 00:00:00'),(32,'00034',3,'2014-05-14 00:00:00'),(33,'00035',4,'2015-06-28 00:00:00'),(34,'00036',5,'2016-02-11 00:00:00'),(35,'00037',1,'2016-02-04 00:00:00'),(36,'00038',2,'2016-01-14 00:00:00'),(37,'00026',3,'2016-04-14 00:00:00'),(38,'00027',4,'2016-04-16 00:00:00'),(26,'00029',4,'2012-02-14 00:00:00'),(27,'00030',5,'2013-02-19 00:00:00'),(28,'00031',1,'2015-02-12 00:00:00'),(29,'00032',2,'2016-02-14 00:00:00'),(30,'00033',3,'2012-03-13 00:00:00'),(31,'00034',4,'2013-04-20 00:00:00'),(32,'00035',5,'2014-05-14 00:00:00'),(33,'00036',1,'2015-06-28 00:00:00'),(34,'00037',2,'2016-02-11 00:00:00'),(35,'00038',3,'2016-02-04 00:00:00'),(36,'00026',4,'2016-01-14 00:00:00'),(37,'00027',5,'2016-04-14 00:00:00'),(38,'00028',1,'2016-04-16 00:00:00'),(26,'00030',4,'2012-02-14 00:00:00'),(27,'00031',5,'2013-02-19 00:00:00'),(28,'00032',1,'2015-02-12 00:00:00'),(29,'00033',2,'2016-02-14 00:00:00'),(30,'00034',3,'2012-03-13 00:00:00'),(31,'00035',4,'2013-04-20 00:00:00'),(32,'00036',5,'2014-05-14 00:00:00'),(33,'00037',1,'2015-06-28 00:00:00'),(34,'00038',2,'2016-02-11 00:00:00'),(35,'00026',3,'2016-02-04 00:00:00'),(36,'00027',4,'2016-01-14 00:00:00'),(37,'00028',5,'2016-04-14 00:00:00'),(38,'00029',1,'2016-04-16 00:00:00'),(26,'00031',4,'2012-02-14 00:00:00'),(27,'00032',5,'2013-02-19 00:00:00'),(28,'00033',1,'2015-02-12 00:00:00'),(29,'00034',2,'2016-02-14 00:00:00'),(30,'00035',3,'2012-03-13 00:00:00'),(31,'00036',4,'2013-04-20 00:00:00'),(32,'00037',5,'2014-05-14 00:00:00'),(33,'00038',1,'2015-06-28 00:00:00'),(34,'00026',2,'2016-02-11 00:00:00'),(35,'00027',3,'2016-02-04 00:00:00'),(36,'00028',4,'2016-01-14 00:00:00'),(37,'00029',5,'2016-04-14 00:00:00'),(38,'00030',1,'2016-04-16 00:00:00'),(26,'00032',5,'2012-02-14 00:00:00'),(27,'00033',4,'2013-02-19 00:00:00'),(28,'00034',3,'2015-02-12 00:00:00'),(29,'00035',2,'2016-02-14 00:00:00'),(30,'00036',1,'2012-03-13 00:00:00'),(31,'00037',5,'2013-04-20 00:00:00'),(32,'00038',4,'2014-05-14 00:00:00'),(33,'00026',3,'2015-06-28 00:00:00'),(34,'00027',2,'2016-02-11 00:00:00'),(35,'00028',1,'2016-02-04 00:00:00'),(36,'00029',5,'2016-01-14 00:00:00'),(37,'00030',4,'2016-04-14 00:00:00'),(38,'00031',3,'2016-04-16 00:00:00'),(26,'00033',2,'2012-02-14 00:00:00'),(27,'00034',1,'2013-02-19 00:00:00'),(28,'00035',5,'2015-02-12 00:00:00'),(29,'00036',4,'2016-02-14 00:00:00'),(30,'00037',3,'2012-03-13 00:00:00'),(31,'00038',2,'2013-04-20 00:00:00'),(32,'00026',1,'2014-05-14 00:00:00'),(33,'00027',5,'2015-06-28 00:00:00'),(34,'00028',4,'2016-02-11 00:00:00'),(35,'00029',3,'2016-02-04 00:00:00'),(36,'00030',2,'2016-01-14 00:00:00'),(37,'00031',1,'2016-04-14 00:00:00'),(38,'00032',5,'2016-04-16 00:00:00'),(26,'00034',4,'2012-02-14 00:00:00'),(27,'00035',3,'2013-02-19 00:00:00'),(28,'00036',2,'2015-02-12 00:00:00'),(29,'00037',1,'2016-02-14 00:00:00'),(30,'00038',5,'2012-03-13 00:00:00'),(31,'00026',4,'2013-04-20 00:00:00'),(32,'00027',3,'2014-05-14 00:00:00'),(33,'00028',2,'2015-06-28 00:00:00'),(34,'00029',1,'2016-02-11 00:00:00'),(35,'00030',5,'2016-02-04 00:00:00'),(36,'00031',4,'2016-01-14 00:00:00'),(37,'00032',3,'2016-04-14 00:00:00'),(38,'00033',2,'2016-04-16 00:00:00'),(39,'00010',3,'2015-02-12 00:00:00'),(40,'00011',1,'2012-04-19 00:00:00'),(41,'00010',1,'2012-02-11 00:00:00'),(42,'00001',4,'2013-03-13 00:00:00'),(43,'00012',2,'2013-03-13 00:00:00'),(44,'00014',2,'2013-03-13 00:00:00'),(45,'00035',5,'2012-12-12 00:00:00'),(46,'00023',4,'2016-04-14 00:00:00'),(47,'00025',2,'2012-04-17 00:00:00'),(48,'00025',1,'2016-04-14 00:00:00'),(50,'00026',3,'2016-12-02 00:00:00'),(39,'00010',2,'2016-03-19 00:00:00'),(40,'00011',2,'2012-04-17 00:00:00'),(41,'00010',3,'2016-04-14 00:00:00'),(42,'00011',2,'2016-03-19 00:00:00'),(43,'00012',5,'2016-03-04 00:00:00'),(44,'00014',4,'2016-04-14 00:00:00'),(45,'00035',1,'2012-12-12 00:00:00'),(46,'00023',1,'2016-01-04 00:00:00'),(47,'00025',1,'2016-03-10 00:00:00'),(48,'00025',2,'2016-04-14 00:00:00'),(50,'00026',2,'2012-12-12 00:00:00'),(39,'00010',2,'2016-01-04 00:00:00'),(40,'00041',2,'2016-03-10 00:00:00'),(41,'00044',2,'2016-04-14 00:00:00'),(42,'00001',2,'2016-03-04 00:00:00'),(43,'00012',3,'2012-12-12 00:00:00'),(44,'00049',5,'2016-01-04 00:00:00'),(45,'00035',3,'2016-03-10 00:00:00'),(46,'00023',3,'2016-02-18 00:00:00'),(47,'00050',4,'2016-02-15 00:00:00'),(48,'00025',4,'2012-12-12 00:00:00'),(50,'00026',5,'2016-04-14 00:00:00'),(39,'00010',4,'2016-03-10 00:00:00'),(40,'00011',3,'2016-12-02 00:00:00'),(41,'00050',1,'2016-04-14 00:00:00'),(42,'00001',1,'2012-04-17 00:00:00'),(43,'00012',1,'2016-12-02 00:00:00'),(44,'00024',1,'2012-04-17 00:00:00'),(45,'00035',2,'2016-03-04 00:00:00'),(46,'00023',2,'2012-12-12 00:00:00'),(47,'00027',2,'2016-02-07 00:00:00'),(48,'00025',2,'2016-12-02 00:00:00'),(50,'00026',4,'2012-04-17 00:00:00'),(39,'00010',3,'2012-10-10 00:00:00'),(40,'00005',3,'2012-01-25 00:00:00'),(41,'00010',3,'2012-04-17 00:00:00'),(42,'00001',3,'2012-01-25 00:00:00'),(43,'00002',4,'2012-12-12 00:00:00'),(44,'00014',4,'2016-12-02 00:00:00'),(45,'00035',1,'2016-04-14 00:00:00'),(46,'00020',3,'2012-10-10 00:00:00'),(47,'00025',2,'2012-04-17 00:00:00'),(48,'00035',2,'2016-12-02 00:00:00'),(50,'00034',2,'2016-03-04 00:00:00'),(39,'00010',3,'2016-04-14 00:00:00'),(40,'00011',3,'2016-12-02 00:00:00'),(41,'00012',5,'2016-02-07 00:00:00'),(42,'00001',4,'2016-03-04 00:00:00'),(43,'00015',3,'2012-12-12 00:00:00'),(44,'00014',3,'2012-10-10 00:00:00'),(45,'00032',3,'2016-04-13 00:00:00'),(46,'00023',5,'2016-12-02 00:00:00'),(47,'00025',5,'2016-04-13 00:00:00'),(48,'00021',1,'2016-01-04 00:00:00'),(50,'00026',1,'2012-10-10 00:00:00'),(40,'00011',1,'2016-04-13 00:00:00'),(41,'00013',2,'2016-02-20 00:00:00'),(42,'00001',2,'2012-12-12 00:00:00'),(43,'00012',2,'2016-04-14 00:00:00'),(44,'00015',3,'2012-01-25 00:00:00'),(45,'00035',2,'2016-01-04 00:00:00'),(46,'00023',5,'2012-01-25 00:00:00'),(47,'00029',3,'2016-03-19 00:00:00'),(48,'00025',1,'2016-02-20 00:00:00'),(50,'00026',3,'2016-03-19 00:00:00'),(39,'00019',3,'2016-02-20 00:00:00'),(40,'00011',3,'2012-10-10 00:00:00'),(41,'00010',1,'2016-01-04 00:00:00'),(42,'00009',3,'2016-12-02 00:00:00'),(43,'00012',2,'2012-12-12 00:00:00'),(44,'00014',5,'2016-12-02 00:00:00'),(45,'00039',4,'2016-12-02 00:00:00'),(46,'00029',1,'2013-03-02 00:00:00'),(47,'00029',3,'2013-03-13 00:00:00'),(48,'00025',3,'2012-12-12 00:00:00'),(50,'00023',5,'2010-03-10 00:00:00'),(39,'00044',1,'2013-03-13 00:00:00'),(40,'00011',3,'2012-12-01 00:00:00'),(41,'00012',5,'2013-03-13 00:00:00'),(42,'00001',4,'2010-03-13 00:00:00'),(43,'00012',3,'2013-03-01 00:00:00'),(44,'00011',5,'2012-12-12 00:00:00'),(45,'00035',4,'2013-03-13 00:00:00'),(46,'00023',3,'2013-04-14 00:00:00'),(47,'00048',2,'2013-02-12 00:00:00'),(48,'00025',2,'2013-03-13 00:00:00'),(50,'00026',5,'2013-12-14 00:00:00'),(39,'00010',5,'2012-02-13 00:00:00'),(40,'00011',3,'2013-03-13 00:00:00');
/*!40000 ALTER TABLE `rated` ENABLE KEYS */;
UNLOCK TABLES;

--
-- Dumping data for table `supplier`
--

LOCK TABLES `supplier` WRITE;
/*!40000 ALTER TABLE `supplier` DISABLE KEYS */;
INSERT INTO `supplier` VALUES ('Akustica','Pittsburgh','15203'),('Aleris International Inc.','Beachwood','44122'),('Bel-Art Products','Wayne','07470'),('C. C. Filson','Seattle','98124'),('Cambridge Engineered Solutions','New Orleans','70116'),('Grainger Industrial Supply','Salt Lake City','84115'),('Hadden Industries','Oklahoma City','73160'),('HB Products LLC','Castro Valley','91546'),('Kaman Industrial Technologies','Big Timber','59011'),('Large System Distributors','Denver','80022'),('Melmarc Products Inc.','Santa Ana','92704'),('Motion Enhanced Technology','Houston','77010'),('NK Apparel','El Paso','79950'),('Pegatron Products','Taylorville','62568'),('PolyOne','Pedricktown','08067'),('Prime Technologies','West Chester','19382'),('ProtoVision','Little Rock','72201'),('Seatec Astronomy','Seattle','98124'),('UCA Group Inc.','Richmond','47374'),('ViTech Scientific','Dover','19901');
/*!40000 ALTER TABLE `supplier` ENABLE KEYS */;
UNLOCK TABLES;

--
-- Dumping data for table `wishes`
--

LOCK TABLES `wishes` WRITE;
/*!40000 ALTER TABLE `wishes` DISABLE KEYS */;
INSERT INTO `wishes` VALUES (1,'00050'),(1,'00045'),(1,'00044'),(1,'00043'),(1,'00042'),(1,'00041'),(2,'00049'),(2,'00040'),(2,'00039'),(2,'00038'),(2,'00037'),(2,'00036'),(3,'00048'),(3,'00035'),(3,'00034'),(3,'00033'),(3,'00032'),(3,'00031'),(4,'00047'),(4,'00030'),(4,'00029'),(4,'00028'),(4,'00027'),(4,'00026'),(5,'00046'),(5,'00025'),(5,'00024'),(5,'00023'),(5,'00022'),(5,'00021'),(6,'00045'),(6,'00020'),(6,'00019'),(6,'00018'),(6,'00017'),(6,'00016'),(7,'00044'),(7,'00015'),(7,'00014'),(7,'00013'),(7,'00012'),(7,'00011'),(8,'00043'),(8,'00010'),(8,'00009'),(8,'00008'),(8,'00007'),(8,'00006'),(9,'00042'),(9,'00005'),(9,'00004'),(9,'00003'),(9,'00002'),(9,'00001'),(10,'00041'),(10,'00044'),(10,'00015'),(10,'00042'),(10,'00045'),(10,'00001'),(11,'00040'),(11,'00008'),(11,'00022'),(11,'00011'),(11,'00044'),(11,'00033'),(12,'00039'),(12,'00022'),(12,'00012'),(12,'00032'),(12,'00017'),(12,'00006'),(13,'00038'),(13,'00001'),(13,'00008'),(13,'00005'),(13,'00021'),(13,'00043'),(14,'00037'),(14,'00018'),(14,'00042'),(14,'00007'),(14,'00006'),(14,'00005'),(15,'00036'),(15,'00004'),(15,'00003'),(15,'00002'),(15,'00001'),(15,'00015'),(16,'00035'),(16,'00014'),(16,'00013'),(16,'00012'),(16,'00011'),(16,'00010'),(17,'00001'),(17,'00017'),(17,'00011'),(17,'00012'),(17,'00030'),(17,'00003'),(18,'00019'),(18,'00016'),(18,'00021'),(18,'00034'),(18,'00011'),(18,'00031'),(18,'00050'),(18,'00006'),(18,'00013'),(19,'00024'),(19,'00013'),(19,'00048'),(19,'00005'),(20,'00025'),(20,'00003'),(20,'00023'),(20,'00031'),(20,'00028'),(21,'00012'),(21,'00015'),(22,'00022'),(22,'00009'),(23,'00017'),(23,'00011'),(23,'00031'),(23,'00002'),(23,'00003'),(23,'00030'),(23,'00047'),(23,'00013'),(23,'00021'),(23,'00022'),(23,'00025'),(23,'00040'),(23,'00042'),(24,'00010'),(24,'00001'),(24,'00035'),(25,'00021'),(25,'00031'),(26,'00019'),(26,'00025'),(26,'00028'),(26,'00032'),(27,'00026'),(27,'00027'),(27,'00028'),(27,'00029'),(27,'00022'),(28,'00010'),(28,'00050'),(28,'00020'),(29,'00016'),(29,'00013'),(29,'00050'),(29,'00018'),(29,'00005'),(29,'00047'),(29,'00008'),(30,'00028'),(30,'00023'),(30,'00002'),(30,'00021'),(30,'00025'),(30,'00010'),(30,'00030'),(31,'00030'),(31,'00009'),(31,'00040'),(31,'00003'),(31,'00016'),(32,'00022'),(32,'00021'),(32,'00011'),(33,'00013'),(33,'00034'),(33,'00035'),(33,'00016'),(33,'00011'),(33,'00013'),(33,'00019'),(34,'00016'),(34,'00017'),(34,'00012'),(34,'00009'),(34,'00008'),(34,'00007'),(34,'00006'),(34,'00048'),(34,'00040'),(34,'00026'),(34,'00038'),(34,'00028'),(34,'00014'),(35,'00031'),(35,'00032'),(35,'00033'),(35,'00034'),(35,'00035'),(35,'00003'),(36,'00015'),(36,'00016'),(36,'00021'),(36,'00034'),(36,'00011'),(36,'00046'),(36,'00045'),(36,'00006'),(36,'00013'),(37,'00042'),(37,'00015'),(37,'00048'),(37,'00005'),(38,'00037'),(38,'00003'),(38,'00043'),(38,'00021'),(38,'00034'),(38,'00045'),(38,'00031'),(38,'00016'),(39,'00012'),(39,'00036'),(39,'00004'),(39,'00002'),(39,'00032'),(39,'00047'),(39,'00013'),(39,'00020'),(39,'00045'),(39,'00006'),(39,'00046'),(40,'00024'),(40,'00039'),(41,'00018'),(41,'00040'),(41,'00043'),(41,'00032'),(42,'00039'),(42,'00026'),(42,'00024'),(42,'00020'),(42,'00016'),(43,'00012'),(43,'00030'),(43,'00019'),(44,'00036'),(44,'00013'),(44,'00050'),(44,'00043'),(44,'00005'),(44,'00042'),(44,'00008'),(45,'00048'),(45,'00023'),(45,'00008'),(45,'00041'),(45,'00026'),(45,'00020'),(45,'00050'),(46,'00030'),(46,'00009'),(46,'00038'),(46,'00003'),(46,'00015'),(47,'00043'),(47,'00041'),(47,'00016'),(48,'00012'),(49,'00031'),(49,'00030'),(49,'00014'),(35,'00021'),(35,'00027'),(35,'00050'),(35,'00038'),(35,'00044'),(36,'00013'),(37,'00027'),(37,'00007'),(37,'00016'),(38,'00018'),(38,'00049'),(38,'00041'),(38,'00021'),(38,'00026'),(39,'00027'),(39,'00008'),(39,'00046'),(40,'00025'),(40,'00044'),(40,'00014'),(40,'00011'),(40,'00004'),(41,'00006'),(41,'00007'),(41,'00030'),(41,'00010'),(41,'00034'),(42,'00036'),(42,'00011'),(42,'00012'),(43,'00047'),(43,'00011'),(44,'00029'),(44,'00036'),(44,'00040'),(44,'00028'),(44,'00014'),(45,'00014'),(45,'00048'),(45,'00019'),(45,'00038'),(45,'00050'),(45,'00020'),(46,'00021'),(46,'00037'),(46,'00007'),(46,'00001'),(46,'00038'),(47,'00014'),(47,'00045'),(48,'00005'),(48,'00015'),(48,'00014'),(48,'00027'),(48,'00034'),(48,'00049'),(49,'00024'),(49,'00040'),(49,'00012'),(49,'00016'),(49,'00011'),(49,'00046'),(49,'00009'),(49,'00022'),(50,'00007'),(50,'00010'),(50,'00001'),(50,'00019');
/*!40000 ALTER TABLE `wishes` ENABLE KEYS */;
UNLOCK TABLES;
/*!40103 SET TIME_ZONE=@OLD_TIME_ZONE */;

/*!40101 SET SQL_MODE=@OLD_SQL_MODE */;
/*!40014 SET FOREIGN_KEY_CHECKS=@OLD_FOREIGN_KEY_CHECKS */;
/*!40014 SET UNIQUE_CHECKS=@OLD_UNIQUE_CHECKS */;
/*!40101 SET CHARACTER_SET_CLIENT=@OLD_CHARACTER_SET_CLIENT */;
/*!40101 SET CHARACTER_SET_RESULTS=@OLD_CHARACTER_SET_RESULTS */;
/*!40101 SET COLLATION_CONNECTION=@OLD_COLLATION_CONNECTION */;
/*!40111 SET SQL_NOTES=@OLD_SQL_NOTES */;

-- Dump completed on 2016-04-19 15:54:52
